depth_m ; temperature_degC
-12.0 ; -1.949792805652237
-17.0 ; -2.1343550432623033
-22.0 ; -2.08461482943369
-27.0 ; -2.1016459106702996
