depth_m ; temperature_degC
-12.0 ; -1.9972542047274828
-17.0 ; -2.046567193742021
-22.0 ; -2.037371831560506
-27.0 ; -2.0780603372879227
